{
    "test_loss": 0.3247281014919281,
    "test_accuracy": 0.8826666666666667,
    "classification_report": {
        "buildings": {
            "precision": 0.8574423480083857,
            "recall": 0.9359267734553776,
            "f1-score": 0.8949671772428884,
            "support": 437.0
        },
        "forest": {
            "precision": 0.9872340425531915,
            "recall": 0.9789029535864979,
            "f1-score": 0.9830508474576272,
            "support": 474.0
        },
        "glacier": {
            "precision": 0.8539553752535497,
            "recall": 0.7613019891500904,
            "f1-score": 0.8049713193116634,
            "support": 553.0
        },
        "mountain": {
            "precision": 0.8155893536121673,
            "recall": 0.8171428571428572,
            "f1-score": 0.8163653663177926,
            "support": 525.0
        },
        "sea": {
            "precision": 0.8541666666666666,
            "recall": 0.9647058823529412,
            "f1-score": 0.9060773480662984,
            "support": 510.0
        },
        "street": {
            "precision": 0.9454148471615721,
            "recall": 0.8642714570858283,
            "f1-score": 0.9030239833159541,
            "support": 501.0
        },
        "accuracy": 0.8826666666666667,
        "macro avg": {
            "precision": 0.8856337722092555,
            "recall": 0.8870419854622654,
            "f1-score": 0.884742673618704,
            "support": 3000.0
        },
        "weighted avg": {
            "precision": 0.8841169379464753,
            "recall": 0.8826666666666667,
            "f1-score": 0.8817740594004512,
            "support": 3000.0
        }
    }
}